id,number,title,level,type,flags,course,day,lesson,depth,note
scope,1,Scope,1,,,,,,,
conformance,2,Conformance,1,,,,,,,
normative-references,3,Normative References,1,,,,,,,
overview,4,Overview,1,,,,,,,
sec-internationalization-localization-globalization,4.1,"Internationalization, Localization, and Globalization",2,,,,,,,
sec-api-overview,4.2,API Overview,2,,,,,,,
sec-api-conventions,4.3,API Conventions,2,,,,,,,
sec-implementation-dependencies,4.4,Implementation Dependencies,2,,,,,,,
sec-compatibility,4.4.1,Compatibility across implementations,3,,,,,,,
conventions,5,Notational Conventions,1,,,,,,,
sec-402-well-known-intrinsic-objects,5.1,Well-Known Intrinsic Objects,2,,,,,,,
locales-currencies-tz,6,"Identification of Locales, Currencies, Time Zones, Measurement Units, Numbering Systems, Collations, and Calendars",1,,,,,,,
sec-case-sensitivity-and-case-mapping,6.1,Case Sensitivity and Case Mapping,2,,,,,,,
sec-language-tags,6.2,Language Tags,2,,,,,,,
sec-iswellformedlanguagetag,6.2.1,IsWellFormedLanguageTag ( locale ),3,abstract operation,,,,,,
sec-canonicalizeunicodelocaleid,6.2.2,CanonicalizeUnicodeLocaleId ( locale ),3,abstract operation,,,,,,
sec-defaultlocale,6.2.3,DefaultLocale ( ),3,implementation-defined abstract operation,,,,,,
sec-currency-codes,6.3,Currency Codes,2,,,,,,,
sec-iswellformedcurrencycode,6.3.1,IsWellFormedCurrencyCode ( currency ),3,abstract operation,,,,,,
sec-availablecanonicalcurrencies,6.4,AvailableCanonicalCurrencies ( ),2,implementation-defined abstract operation,,,,,,
sec-use-of-iana-time-zone-database,6.5,Use of the IANA Time Zone Database,2,,,,,,,
sup-availablenamedtimezoneidentifiers,6.5.1,AvailableNamedTimeZoneIdentifiers ( ),3,implementation-defined abstract operation,,,,,,
sec-getavailablenamedtimezoneidentifier,6.5.2,GetAvailableNamedTimeZoneIdentifier ( timeZoneIdentifier ),3,abstract operation,,,,,,
sec-availableprimarytimezoneidentifiers,6.5.3,AvailablePrimaryTimeZoneIdentifiers ( ),3,abstract operation,,,,,,
sec-string-split-to-list,6.5.4,"StringSplitToList ( S, separator )",3,abstract operation,,,,,,
sec-measurement-unit-identifiers,6.6,Measurement Unit Identifiers,2,,,,,,,
sec-iswellformedunitidentifier,6.6.1,IsWellFormedUnitIdentifier ( unitIdentifier ),3,abstract operation,,,,,,
sec-issanctionedsingleunitidentifier,6.6.2,IsSanctionedSingleUnitIdentifier ( unitIdentifier ),3,abstract operation,,,,,,
sec-availablecanonicalunits,6.6.3,AvailableCanonicalUnits ( ),3,abstract operation,,,,,,
sec-numberingsystem-identifiers,6.7,Numbering System Identifiers,2,,,,,,,
sec-availablecanonicalnumberingsystems,6.7.1,AvailableCanonicalNumberingSystems ( ),3,implementation-defined abstract operation,,,,,,
sec-collation-types,6.8,Collation Types,2,,,,,,,
sec-availablecanonicalcollations,6.8.1,AvailableCanonicalCollations ( ),3,implementation-defined abstract operation,,,,,,
sec-calendar-types,6.9,Calendar Types,2,,,,,,,
sec-availablecalendars,6.9.1,AvailableCalendars ( ),3,implementation-defined abstract operation,,,,,,
sec-pattern-string-types,6.10,Pattern String Types,2,,,,,,,
requirements,7,Requirements for Standard Built-in ECMAScript Objects,1,,,,,,,
intl-object,8,The Intl Object,1,,,,,,,
sec-value-properties-of-the-intl-object,8.1,Value Properties of the Intl Object,2,,,,,,,
sec-intl-%symbol.tostringtag%,8.1.1,Intl [ %Symbol.toStringTag% ],3,,,,,,,
sec-constructor-properties-of-the-intl-object,8.2,Constructor Properties of the Intl Object,2,,,,,,,
sec-intl.collator-intro,8.2.1,Intl.Collator ( . . . ),3,,,,,,,
sec-intl.datetimeformat-intro,8.2.2,Intl.DateTimeFormat ( . . . ),3,,,,,,,
sec-intl.displaynames-intro,8.2.3,Intl.DisplayNames ( . . . ),3,,,,,,,
sec-intl.durationformat-intro,8.2.4,Intl.DurationFormat ( . . . ),3,,,,,,,
sec-intl.listformat-intro,8.2.5,Intl.ListFormat ( . . . ),3,,,,,,,
sec-intl.locale-intro,8.2.6,Intl.Locale ( . . . ),3,,,,,,,
sec-intl.numberformat-intro,8.2.7,Intl.NumberFormat ( . . . ),3,,,,,,,
sec-intl.pluralrules-intro,8.2.8,Intl.PluralRules ( . . . ),3,,,,,,,
sec-intl.relativetimeformat-intro,8.2.9,Intl.RelativeTimeFormat ( . . . ),3,,,,,,,
sec-intl.segmenter-intro,8.2.10,Intl.Segmenter ( . . . ),3,,,,,,,
sec-function-properties-of-the-intl-object,8.3,Function Properties of the Intl Object,2,,,,,,,
sec-intl.getcanonicallocales,8.3.1,Intl.getCanonicalLocales ( locales ),3,,,,,,,
sec-intl.supportedvaluesof,8.3.2,Intl.supportedValuesOf ( key ),3,,,,,,,
locale-and-parameter-negotiation,9,Locale and Parameter Negotiation,1,,,,,,,
sec-internal-slots,9.1,Internal slots of Service Constructors,2,,,,,,,
sec-abstract-operations,9.2,Abstract Operations,2,,,,,,,
sec-canonicalizelocalelist,9.2.1,CanonicalizeLocaleList ( locales ),3,abstract operation,,,,,,
sec-canonicalizeuvalue,9.2.2,"CanonicalizeUValue ( ukey, uvalue )",3,abstract operation,,,,,,
sec-lookupmatchinglocalebyprefix,9.2.3,"LookupMatchingLocaleByPrefix ( availableLocales, requestedLocales )",3,abstract operation,,,,,,
sec-lookupmatchinglocalebybestfit,9.2.4,"LookupMatchingLocaleByBestFit ( availableLocales, requestedLocales )",3,implementation-defined abstract operation,,,,,,
sec-unicode-extension-components,9.2.5,UnicodeExtensionComponents ( extension ),3,abstract operation,,,,,,
sec-insert-unicode-extension-and-canonicalize,9.2.6,"InsertUnicodeExtensionAndCanonicalize ( locale, attributes, keywords )",3,abstract operation,,,,,,
sec-resolvelocale,9.2.7,"ResolveLocale ( availableLocales, requestedLocales, options, relevantExtensionKeys, localeData )",3,abstract operation,,,,,,
sec-resolveoptions,9.2.8,"ResolveOptions ( constructor, localeData, locales, options [ , specialBehaviours [ , modifyResolutionOptions ] ] )",3,abstract operation,,,,,,
sec-filterlocales,9.2.9,"FilterLocales ( availableLocales, requestedLocales, options )",3,abstract operation,,,,,,
sec-coerceoptionstoobject,9.2.10,CoerceOptionsToObject ( options ),3,abstract operation,,,,,,
sec-getoption,9.2.11,"GetOption ( options, property, type, values, default )",3,abstract operation,,,,,,
sec-getbooleanorstringnumberformatoption,9.2.12,"GetBooleanOrStringNumberFormatOption ( options, property, stringValues, fallback )",3,abstract operation,,,,,,
sec-defaultnumberoption,9.2.13,"DefaultNumberOption ( value, minimum, maximum, fallback )",3,abstract operation,,,,,,
sec-getnumberoption,9.2.14,"GetNumberOption ( options, property, minimum, maximum, fallback )",3,abstract operation,,,,,,
sec-partitionpattern,9.2.15,PartitionPattern ( pattern ),3,abstract operation,,,,,,
collator-objects,10,Collator Objects,1,,,,,,,
sec-intl-collator-constructor,10.1,The Intl.Collator Constructor,2,,,,,,,
sec-intl.collator,10.1.1,"Intl.Collator ( [ locales [ , options ] ] )",3,,,,,,,
sec-properties-of-the-intl-collator-constructor,10.2,Properties of the Intl.Collator Constructor,2,,,,,,,
sec-intl.collator.prototype,10.2.1,Intl.Collator.prototype,3,,,,,,,
sec-intl.collator.supportedlocalesof,10.2.2,"Intl.Collator.supportedLocalesOf ( locales [ , options ] )",3,,,,,,,
sec-intl-collator-internal-slots,10.2.3,Internal slots,3,,,,,,,
sec-properties-of-the-intl-collator-prototype-object,10.3,Properties of the Intl.Collator Prototype Object,2,,,,,,,
sec-intl.collator.prototype.constructor,10.3.1,Intl.Collator.prototype.constructor,3,,,,,,,
sec-intl.collator.prototype.resolvedoptions,10.3.2,Intl.Collator.prototype.resolvedOptions ( ),3,,,,,,,
sec-intl.collator.prototype.compare,10.3.3,get Intl.Collator.prototype.compare,3,,,,,,,
sec-collator-compare-functions,10.3.3.1,Collator Compare Functions,4,,,,,,,
sec-collator-comparestrings,10.3.3.2,"CompareStrings ( collator, x, y )",4,implementation-defined abstract operation,,,,,,
sec-intl.collator.prototype-%symbol.tostringtag%,10.3.4,Intl.Collator.prototype [ %Symbol.toStringTag% ],3,,,,,,,
sec-properties-of-intl-collator-instances,10.4,Properties of Intl.Collator Instances,2,,,,,,,
datetimeformat-objects,11,DateTimeFormat Objects,1,,,,,,,
sec-intl-datetimeformat-constructor,11.1,The Intl.DateTimeFormat Constructor,2,,,,,,,
sec-intl.datetimeformat,11.1.1,"Intl.DateTimeFormat ( [ locales [ , options ] ] )",3,,,,,,,
sec-chaindatetimeformat,11.1.1.1,"ChainDateTimeFormat ( dateTimeFormat, newTarget, this )",4,abstract operation,normative-optional,,,,,
sec-createdatetimeformat,11.1.2,"CreateDateTimeFormat ( newTarget, locales, options, required, defaults )",3,abstract operation,,,,,,
sec-formatoffsettimezoneidentifier,11.1.3,FormatOffsetTimeZoneIdentifier ( offsetMinutes ),3,abstract operation,,,,,,
sec-properties-of-intl-datetimeformat-constructor,11.2,Properties of the Intl.DateTimeFormat Constructor,2,,,,,,,
sec-intl.datetimeformat.prototype,11.2.1,Intl.DateTimeFormat.prototype,3,,,,,,,
sec-intl.datetimeformat.supportedlocalesof,11.2.2,"Intl.DateTimeFormat.supportedLocalesOf ( locales [ , options ] )",3,,,,,,,
sec-intl.datetimeformat-internal-slots,11.2.3,Internal slots,3,,,,,,,
sec-datetimeformat-format-record,11.2.3.1,DateTime Format Records,4,,,,,,,
sec-datetimeformat-range-pattern-record,11.2.3.2,DateTime Range Pattern Records,4,,,,,,,
sec-datetimeformat-range-pattern-format-record,11.2.3.3,DateTime Range Pattern Format Records,4,,,,,,,
sec-datetimeformat-range-pattern-part-record,11.2.3.4,DateTime Range Pattern Part Records,4,,,,,,,
sec-datetimeformat-styles-record,11.2.3.5,DateTime Styles Records,4,,,,,,,
sec-datetimeformat-style-record,11.2.3.6,DateTime Style Records,4,,,,,,,
sec-datetimeformat-connector-record,11.2.3.7,DateTime Connector Records,4,,,,,,,
sec-datetimeformat-date-range-record,11.2.3.8,DateTime Date Range Records,4,,,,,,,
sec-datetimeformat-time-range-record,11.2.3.9,DateTime Time Range Records,4,,,,,,,
sec-datetimeformat-style-range-record,11.2.3.10,DateTime Style Range Records,4,,,,,,,
sec-properties-of-intl-datetimeformat-prototype-object,11.3,Properties of the Intl.DateTimeFormat Prototype Object,2,,,,,,,
sec-intl.datetimeformat.prototype.constructor,11.3.1,Intl.DateTimeFormat.prototype.constructor,3,,,,,,,
sec-intl.datetimeformat.prototype.resolvedoptions,11.3.2,Intl.DateTimeFormat.prototype.resolvedOptions ( ),3,,,,,,,
sec-intl.datetimeformat.prototype.format,11.3.3,get Intl.DateTimeFormat.prototype.format,3,,,,,,,
sec-intl.datetimeformat.prototype.formatRange,11.3.4,"Intl.DateTimeFormat.prototype.formatRange ( startDate, endDate )",3,,,,,,,
sec-Intl.DateTimeFormat.prototype.formatRangeToParts,11.3.5,"Intl.DateTimeFormat.prototype.formatRangeToParts ( startDate, endDate )",3,,,,,,,
sec-Intl.DateTimeFormat.prototype.formatToParts,11.3.6,Intl.DateTimeFormat.prototype.formatToParts ( date ),3,,,,,,,
sec-intl.datetimeformat.prototype-%symbol.tostringtag%,11.3.7,Intl.DateTimeFormat.prototype [ %Symbol.toStringTag% ],3,,,,,,,
sec-properties-of-intl-datetimeformat-instances,11.4,Properties of Intl.DateTimeFormat Instances,2,,,,,,,
sec-datetimeformat-abstracts,11.5,Abstract Operations for DateTimeFormat Objects,2,,,,,,,
sec-date-time-style-format,11.5.1,"DateTimeStyleFormat ( dateStyle, timeStyle, styles )",3,abstract operation,,,,,,
sec-basicformatmatcher,11.5.2,"BasicFormatMatcher ( options, formats )",3,abstract operation,,,,,,
sec-bestfitformatmatcher,11.5.3,"BestFitFormatMatcher ( options, formats )",3,implementation-defined abstract operation,,,,,,
sec-datetime-format-functions,11.5.4,DateTime Format Functions,3,,,,,,,
sec-formatdatetimepattern,11.5.5,"FormatDateTimePattern ( dateTimeFormat, format, pattern, epochNanoseconds )",3,abstract operation,,,,,,
sec-partitiondatetimepattern,11.5.6,"PartitionDateTimePattern ( dateTimeFormat, x )",3,abstract operation,,,,,,
sec-formatdatetime,11.5.7,"FormatDateTime ( dateTimeFormat, x )",3,abstract operation,,,,,,
sec-formatdatetimetoparts,11.5.8,"FormatDateTimeToParts ( dateTimeFormat, x )",3,abstract operation,,,,,,
sec-partitiondatetimerangepattern,11.5.9,"PartitionDateTimeRangePattern ( dateTimeFormat, x, y )",3,abstract operation,,,,,,
sec-formatdatetimerange,11.5.10,"FormatDateTimeRange ( dateTimeFormat, x, y )",3,abstract operation,,,,,,
sec-formatdatetimerangetoparts,11.5.11,"FormatDateTimeRangeToParts ( dateTimeFormat, x, y )",3,abstract operation,,,,,,
sec-tolocaltime,11.5.12,"ToLocalTime ( epochNs, calendar, timeZoneIdentifier )",3,implementation-defined abstract operation,,,,,,
sec-datetimeformat-tolocaltime-records,11.5.13,ToLocalTime Records,3,,,,,,,
sec-unwrapdatetimeformat,11.5.14,UnwrapDateTimeFormat ( dtf ),3,abstract operation,normative-optional,,,,,
intl-displaynames-objects,12,DisplayNames Objects,1,,,,,,,
sec-intl-displaynames-constructor,12.1,The Intl.DisplayNames Constructor,2,,,,,,,
sec-Intl.DisplayNames,12.1.1,"Intl.DisplayNames ( locales, options )",3,,,,,,,
sec-properties-of-intl-displaynames-constructor,12.2,Properties of the Intl.DisplayNames Constructor,2,,,,,,,
sec-Intl.DisplayNames.prototype,12.2.1,Intl.DisplayNames.prototype,3,,,,,,,
sec-Intl.DisplayNames.supportedLocalesOf,12.2.2,"Intl.DisplayNames.supportedLocalesOf ( locales [ , options ] )",3,,,,,,,
sec-Intl.DisplayNames-internal-slots,12.2.3,Internal slots,3,,,,,,,
sec-properties-of-intl-displaynames-prototype-object,12.3,Properties of the Intl.DisplayNames Prototype Object,2,,,,,,,
sec-Intl.DisplayNames.prototype.constructor,12.3.1,Intl.DisplayNames.prototype.constructor,3,,,,,,,
sec-Intl.DisplayNames.prototype.resolvedOptions,12.3.2,Intl.DisplayNames.prototype.resolvedOptions ( ),3,,,,,,,
sec-Intl.DisplayNames.prototype.of,12.3.3,Intl.DisplayNames.prototype.of ( code ),3,,,,,,,
sec-intl.displaynames.prototype-%symbol.tostringtag%,12.3.4,Intl.DisplayNames.prototype [ %Symbol.toStringTag% ],3,,,,,,,
sec-properties-of-intl-displaynames-instances,12.4,Properties of Intl.DisplayNames Instances,2,,,,,,,
sec-intl-displaynames-abstracts,12.5,Abstract Operations for DisplayNames Objects,2,,,,,,,
sec-canonicalcodefordisplaynames,12.5.1,"CanonicalCodeForDisplayNames ( type, code )",3,abstract operation,,,,,,
sec-isvaliddatetimefieldcode,12.5.2,IsValidDateTimeFieldCode ( field ),3,abstract operation,,,,,,
durationformat-objects,13,DurationFormat Objects,1,,,,,,,
sec-intl-durationformat-constructor,13.1,The Intl.DurationFormat Constructor,2,,,,,,,
sec-Intl.DurationFormat,13.1.1,"Intl.DurationFormat ( [ locales [ , options ] ] )",3,,,,,,,
sec-properties-of-intl-durationformat-constructor,13.2,Properties of the Intl.DurationFormat Constructor,2,,,,,,,
sec-Intl.DurationFormat.prototype,13.2.1,Intl.DurationFormat.prototype,3,,,,,,,
sec-Intl.DurationFormat.supportedLocalesOf,13.2.2,"Intl.DurationFormat.supportedLocalesOf ( locales [ , options ] )",3,,,,,,,
sec-Intl.DurationFormat-internal-slots,13.2.3,Internal slots,3,,,,,,,
sec-properties-of-intl-durationformat-prototype-object,13.3,Properties of the Intl.DurationFormat Prototype Object,2,,,,,,,
sec-Intl.DurationFormat.prototype.constructor,13.3.1,Intl.DurationFormat.prototype.constructor,3,,,,,,,
sec-Intl.DurationFormat.prototype.resolvedOptions,13.3.2,Intl.DurationFormat.prototype.resolvedOptions ( ),3,,,,,,,
sec-Intl.DurationFormat.prototype.format,13.3.3,Intl.DurationFormat.prototype.format ( duration ),3,,,,,,,
sec-Intl.DurationFormat.prototype.formatToParts,13.3.4,Intl.DurationFormat.prototype.formatToParts ( duration ),3,,,,,,,
sec-Intl.DurationFormat.prototype-%symbol.tostringtag%,13.3.5,Intl.DurationFormat.prototype [ %Symbol.toStringTag% ],3,,,,,,,
sec-properties-of-intl-durationformat-instances,13.4,Properties of Intl.DurationFormat Instances,2,,,,,,,
sec-intl-durationformat-abstracts,13.5,Abstract Operations for DurationFormat Objects,2,,,,,,,
sec-duration-records,13.5.1,Duration Records,3,,,,,,,
sec-tointegerifintegral,13.5.2,ToIntegerIfIntegral ( argument ),3,abstract operation,,,,,,
sec-todurationrecord,13.5.3,ToDurationRecord ( input ),3,abstract operation,,,,,,
sec-durationsign,13.5.4,DurationSign ( duration ),3,abstract operation,,,,,,
sec-isvalidduration,13.5.5,"IsValidDuration ( years, months, weeks, days, hours, minutes, seconds, milliseconds, microseconds, nanoseconds )",3,abstract operation,,,,,,
sec-getdurationunitoptions,13.5.6,"GetDurationUnitOptions ( unit, options, baseStyle, stylesList, digitalBase, prevStyle, twoDigitHours )",3,abstract operation,,,,,,
sec-durationformat-unit-options-record,13.5.6.1,Duration Unit Options Records,4,,,,,,,
sec-validatedurationunitstyle,13.5.6.2,"ValidateDurationUnitStyle ( unit, style, display, prevStyle )",4,abstract operation,,,,,,
sec-computefractionaldigits,13.5.7,"ComputeFractionalDigits ( durationFormat, duration )",3,abstract operation,,,,,,
sec-nextunitfractional,13.5.8,"NextUnitFractional ( durationFormat, unit )",3,abstract operation,,,,,,
sec-formatnumerichours,13.5.9,"FormatNumericHours ( durationFormat, hoursValue, signDisplayed )",3,abstract operation,,,,,,
sec-formatnumericminutes,13.5.10,"FormatNumericMinutes ( durationFormat, minutesValue, hoursDisplayed, signDisplayed )",3,abstract operation,,,,,,
sec-formatnumericseconds,13.5.11,"FormatNumericSeconds ( durationFormat, secondsValue, minutesDisplayed, signDisplayed )",3,abstract operation,,,,,,
sec-formatnumericunits,13.5.12,"FormatNumericUnits ( durationFormat, duration, firstNumericUnit, signDisplayed )",3,abstract operation,,,,,,
sec-isfractionalsecondunitname,13.5.13,IsFractionalSecondUnitName ( unit ),3,abstract operation,,,,,,
sec-listformatparts,13.5.14,"ListFormatParts ( durationFormat, partitionedPartsList )",3,abstract operation,,,,,,
sec-partitiondurationformatpattern,13.5.15,"PartitionDurationFormatPattern ( durationFormat, duration )",3,abstract operation,,,,,,
listformat-objects,14,ListFormat Objects,1,,,,,,,
sec-intl-listformat-constructor,14.1,The Intl.ListFormat Constructor,2,,,,,,,
sec-Intl.ListFormat,14.1.1,"Intl.ListFormat ( [ locales [ , options ] ] )",3,,,,,,,
sec-properties-of-intl-listformat-constructor,14.2,Properties of the Intl.ListFormat Constructor,2,,,,,,,
sec-Intl.ListFormat.prototype,14.2.1,Intl.ListFormat.prototype,3,,,,,,,
sec-Intl.ListFormat.supportedLocalesOf,14.2.2,"Intl.ListFormat.supportedLocalesOf ( locales [ , options ] )",3,,,,,,,
sec-Intl.ListFormat-internal-slots,14.2.3,Internal slots,3,,,,,,,
sec-properties-of-intl-listformat-prototype-object,14.3,Properties of the Intl.ListFormat Prototype Object,2,,,,,,,
sec-Intl.ListFormat.prototype.constructor,14.3.1,Intl.ListFormat.prototype.constructor,3,,,,,,,
sec-Intl.ListFormat.prototype.resolvedoptions,14.3.2,Intl.ListFormat.prototype.resolvedOptions ( ),3,,,,,,,
sec-Intl.ListFormat.prototype.format,14.3.3,Intl.ListFormat.prototype.format ( list ),3,,,,,,,
sec-Intl.ListFormat.prototype.formatToParts,14.3.4,Intl.ListFormat.prototype.formatToParts ( list ),3,,,,,,,
sec-Intl.ListFormat.prototype-toStringTag,14.3.5,Intl.ListFormat.prototype [ %Symbol.toStringTag% ],3,,,,,,,
sec-properties-of-intl-listformat-instances,14.4,Properties of Intl.ListFormat Instances,2,,,,,,,
sec-intl-listformat-abstracts,14.5,Abstract Operations for ListFormat Objects,2,,,,,,,
sec-deconstructpattern,14.5.1,"DeconstructPattern ( pattern, placeables )",3,abstract operation,,,,,,
sec-createpartsfromlist,14.5.2,"CreatePartsFromList ( listFormat, list )",3,abstract operation,,,,,,
sec-formatlist,14.5.3,"FormatList ( listFormat, list )",3,abstract operation,,,,,,
sec-formatlisttoparts,14.5.4,"FormatListToParts ( listFormat, list )",3,abstract operation,,,,,,
sec-createstringlistfromiterable,14.5.5,StringListFromIterable ( iterable ),3,abstract operation,,,,,,
locale-objects,15,Locale Objects,1,,,,,,,
sec-intl-locale-constructor,15.1,The Intl.Locale Constructor,2,,,,,,,
sec-Intl.Locale,15.1.1,"Intl.Locale ( tag [ , options ] )",3,,,,,,,
sec-updatelanguageid,15.1.2,"UpdateLanguageId ( tag, options )",3,abstract operation,,,,,,
sec-makelocalerecord,15.1.3,"MakeLocaleRecord ( tag, options, localeExtensionKeys )",3,abstract operation,,,,,,
sec-properties-of-intl-locale-constructor,15.2,Properties of the Intl.Locale Constructor,2,,,,,,,
sec-Intl.Locale.prototype,15.2.1,Intl.Locale.prototype,3,,,,,,,
sec-intl.locale-internal-slots,15.2.2,Internal slots,3,,,,,,,
sec-properties-of-intl-locale-prototype-object,15.3,Properties of the Intl.Locale Prototype Object,2,,,,,,,
sec-Intl.Locale.prototype.constructor,15.3.1,Intl.Locale.prototype.constructor,3,,,,,,,
sec-Intl.Locale.prototype.baseName,15.3.2,get Intl.Locale.prototype.baseName,3,,,,,,,
sec-Intl.Locale.prototype.calendar,15.3.3,get Intl.Locale.prototype.calendar,3,,,,,,,
sec-Intl.Locale.prototype.caseFirst,15.3.4,get Intl.Locale.prototype.caseFirst,3,,,,,,,
sec-Intl.Locale.prototype.collation,15.3.5,get Intl.Locale.prototype.collation,3,,,,,,,
sec-Intl.Locale.prototype.firstDayOfWeek,15.3.6,get Intl.Locale.prototype.firstDayOfWeek,3,,,,,,,
sec-Intl.Locale.prototype.hourCycle,15.3.7,get Intl.Locale.prototype.hourCycle,3,,,,,,,
sec-Intl.Locale.prototype.language,15.3.8,get Intl.Locale.prototype.language,3,,,,,,,
sec-Intl.Locale.prototype.maximize,15.3.9,Intl.Locale.prototype.maximize ( ),3,,,,,,,
sec-Intl.Locale.prototype.minimize,15.3.10,Intl.Locale.prototype.minimize ( ),3,,,,,,,
sec-Intl.Locale.prototype.numberingSystem,15.3.11,get Intl.Locale.prototype.numberingSystem,3,,,,,,,
sec-Intl.Locale.prototype.numeric,15.3.12,get Intl.Locale.prototype.numeric,3,,,,,,,
sec-Intl.Locale.prototype.region,15.3.13,get Intl.Locale.prototype.region,3,,,,,,,
sec-Intl.Locale.prototype.script,15.3.14,get Intl.Locale.prototype.script,3,,,,,,,
sec-Intl.Locale.prototype.toString,15.3.15,Intl.Locale.prototype.toString ( ),3,,,,,,,
sec-Intl.Locale.prototype.getCalendars,15.3.16,Intl.Locale.prototype.getCalendars ( ),3,,,,,,,
sec-Intl.Locale.prototype.getCollations,15.3.17,Intl.Locale.prototype.getCollations ( ),3,,,,,,,
sec-Intl.Locale.prototype.getHourCycles,15.3.18,Intl.Locale.prototype.getHourCycles ( ),3,,,,,,,
sec-Intl.Locale.prototype.getNumberingSystems,15.3.19,Intl.Locale.prototype.getNumberingSystems ( ),3,,,,,,,
sec-Intl.Locale.prototype.getTimeZones,15.3.20,Intl.Locale.prototype.getTimeZones ( ),3,,,,,,,
sec-Intl.Locale.prototype.getTextInfo,15.3.21,Intl.Locale.prototype.getTextInfo ( ),3,,,,,,,
sec-Intl.Locale.prototype.getWeekInfo,15.3.22,Intl.Locale.prototype.getWeekInfo ( ),3,,,,,,,
sec-Intl.Locale.prototype.variants,15.3.23,get Intl.Locale.prototype.variants,3,,,,,,,
sec-intl.locale.prototype-%symbol.tostringtag%,15.3.24,Intl.Locale.prototype [ %Symbol.toStringTag% ],3,,,,,,,
sec-properties-of-intl-locale-instances,15.4,Properties of Intl.Locale Instances,2,,,,,,,
sec-intl-locale-abstracts,15.5,Abstract Operations for Locale Objects,2,,,,,,,
sec-getlocalebasename,15.5.1,GetLocaleBaseName ( locale ),3,abstract operation,,,,,,
sec-getlocalelanguage,15.5.2,GetLocaleLanguage ( locale ),3,abstract operation,,,,,,
sec-getlocalescript,15.5.3,GetLocaleScript ( locale ),3,abstract operation,,,,,,
sec-getlocaleregion,15.5.4,GetLocaleRegion ( locale ),3,abstract operation,,,,,,
sec-getlocalevariants,15.5.5,GetLocaleVariants ( locale ),3,abstract operation,,,,,,
sec-unicodeextensionvalue,15.5.6,"UnicodeExtensionValue ( locale, key )",3,abstract operation,,,,,,
sec-canonicalunicodesubdivision,15.5.7,"CanonicalUnicodeSubdivision ( locale, key )",3,abstract operation,,,,,,
sec-regionpreference,15.5.8,RegionPreference ( locale ),3,abstract operation,,,,,,
sec-calendarsoflocale,15.5.9,CalendarsOfLocale ( loc ),3,implementation-defined abstract operation,,,,,,
sec-collationsoflocale,15.5.10,CollationsOfLocale ( loc ),3,implementation-defined abstract operation,,,,,,
sec-hourcyclesoflocale,15.5.11,HourCyclesOfLocale ( loc ),3,implementation-defined abstract operation,,,,,,
sec-numberingsystemsoflocale,15.5.12,NumberingSystemsOfLocale ( loc ),3,implementation-defined abstract operation,,,,,,
sec-timezonesoflocale,15.5.13,TimeZonesOfLocale ( loc ),3,implementation-defined abstract operation,,,,,,
sec-textdirectionoflocale,15.5.14,TextDirectionOfLocale ( loc ),3,implementation-defined abstract operation,,,,,,
sec-weekdaytouvalue,15.5.15,WeekdayToUValue ( fw ),3,abstract operation,,,,,,
sec-weekdayuvaluetonumber,15.5.16,WeekdayUValueToNumber ( fw ),3,abstract operation,,,,,,
sec-weekinfooflocale,15.5.17,WeekInfoOfLocale ( loc ),3,implementation-defined abstract operation,,,,,,
numberformat-objects,16,NumberFormat Objects,1,,,,,,,
sec-intl-numberformat-constructor,16.1,The Intl.NumberFormat Constructor,2,,,,,,,
sec-intl.numberformat,16.1.1,"Intl.NumberFormat ( [ locales [ , options ] ] )",3,,,,,,,
sec-chainnumberformat,16.1.1.1,"ChainNumberFormat ( numberFormat, newTarget, this )",4,abstract operation,normative-optional,,,,,
sec-setnumberformatdigitoptions,16.1.2,"SetNumberFormatDigitOptions ( intlObj, options, mnfdDefault, mxfdDefault, notation )",3,abstract operation,,,,,,
sec-setnumberformatunitoptions,16.1.3,"SetNumberFormatUnitOptions ( intlObj, options )",3,abstract operation,,,,,,
sec-properties-of-intl-numberformat-constructor,16.2,Properties of the Intl.NumberFormat Constructor,2,,,,,,,
sec-intl.numberformat.prototype,16.2.1,Intl.NumberFormat.prototype,3,,,,,,,
sec-intl.numberformat.supportedlocalesof,16.2.2,"Intl.NumberFormat.supportedLocalesOf ( locales [ , options ] )",3,,,,,,,
sec-intl.numberformat-internal-slots,16.2.3,Internal slots,3,,,,,,,
sec-properties-of-intl-numberformat-prototype-object,16.3,Properties of the Intl.NumberFormat Prototype Object,2,,,,,,,
sec-intl.numberformat.prototype.constructor,16.3.1,Intl.NumberFormat.prototype.constructor,3,,,,,,,
sec-intl.numberformat.prototype.resolvedoptions,16.3.2,Intl.NumberFormat.prototype.resolvedOptions ( ),3,,,,,,,
sec-intl.numberformat.prototype.format,16.3.3,get Intl.NumberFormat.prototype.format,3,,,,,,,
sec-intl.numberformat.prototype.formatrange,16.3.4,"Intl.NumberFormat.prototype.formatRange ( start, end )",3,,,,,,,
sec-intl.numberformat.prototype.formatrangetoparts,16.3.5,"Intl.NumberFormat.prototype.formatRangeToParts ( start, end )",3,,,,,,,
sec-intl.numberformat.prototype.formattoparts,16.3.6,Intl.NumberFormat.prototype.formatToParts ( value ),3,,,,,,,
sec-intl.numberformat.prototype-%symbol.tostringtag%,16.3.7,Intl.NumberFormat.prototype [ %Symbol.toStringTag% ],3,,,,,,,
sec-properties-of-intl-numberformat-instances,16.4,Properties of Intl.NumberFormat Instances,2,,,,,,,
sec-numberformat-abstracts,16.5,Abstract Operations for NumberFormat Objects,2,,,,,,,
sec-currencydigits,16.5.1,CurrencyDigits ( currency ),3,implementation-defined abstract operation,,,,,,
sec-number-format-functions,16.5.2,Number Format Functions,3,,,,,,,
sec-formatnumerictostring,16.5.3,"FormatNumericToString ( intlObject, x )",3,abstract operation,,,,,,
sec-partitionnumberpattern,16.5.4,"PartitionNumberPattern ( numberFormat, x )",3,abstract operation,,,,,,
sec-partitionnotationsubpattern,16.5.5,"PartitionNotationSubPattern ( numberFormat, x, n, exponent )",3,abstract operation,,,,,,
sec-formatnumber,16.5.6,"FormatNumeric ( numberFormat, x )",3,abstract operation,,,,,,
sec-formatnumbertoparts,16.5.7,"FormatNumericToParts ( numberFormat, x )",3,abstract operation,,,,,,
sec-torawprecision,16.5.8,"ToRawPrecision ( x, minPrecision, maxPrecision, unsignedRoundingMode )",3,abstract operation,,,,,,
sec-torawfixed,16.5.9,"ToRawFixed ( x, minFraction, maxFraction, roundingIncrement, unsignedRoundingMode )",3,abstract operation,,,,,,
sec-unwrapnumberformat,16.5.10,UnwrapNumberFormat ( nf ),3,abstract operation,normative-optional,,,,,
sec-getnumberformatpattern,16.5.11,"GetNumberFormatPattern ( numberFormat, x )",3,abstract operation,,,,,,
sec-getnotationsubpattern,16.5.12,"GetNotationSubPattern ( numberFormat, exponent )",3,abstract operation,,,,,,
sec-computeexponent,16.5.13,"ComputeExponent ( numberFormat, x )",3,abstract operation,,,,,,
sec-computeexponentformagnitude,16.5.14,"ComputeExponentForMagnitude ( numberFormat, magnitude )",3,abstract operation,,,,,,
sec-runtime-semantics-stringintlmv,16.5.15,Runtime Semantics: StringIntlMV,3,sdo,,,,,,
sec-tointlmathematicalvalue,16.5.16,ToIntlMathematicalValue ( value ),3,abstract operation,,,,,,
sec-getunsignedroundingmode,16.5.17,"GetUnsignedRoundingMode ( roundingMode, sign )",3,abstract operation,,,,,,
sec-applyunsignedroundingmode,16.5.18,"ApplyUnsignedRoundingMode ( x, r1, r2, unsignedRoundingMode )",3,abstract operation,,,,,,
sec-partitionnumberrangepattern,16.5.19,"PartitionNumberRangePattern ( numberFormat, x, y )",3,abstract operation,,,,,,
sec-formatapproximately,16.5.20,"FormatApproximately ( numberFormat, result )",3,abstract operation,,,,,,
sec-collapsenumberrange,16.5.21,"CollapseNumberRange ( numberFormat, result )",3,implementation-defined abstract operation,,,,,,
sec-formatnumericrange,16.5.22,"FormatNumericRange ( numberFormat, x, y )",3,abstract operation,,,,,,
sec-formatnumericrangetoparts,16.5.23,"FormatNumericRangeToParts ( numberFormat, x, y )",3,abstract operation,,,,,,
pluralrules-objects,17,PluralRules Objects,1,,,,,,,
sec-intl-pluralrules-constructor,17.1,The Intl.PluralRules Constructor,2,,,,,,,
sec-intl.pluralrules,17.1.1,"Intl.PluralRules ( [ locales [ , options ] ] )",3,,,,,,,
sec-properties-of-intl-pluralrules-constructor,17.2,Properties of the Intl.PluralRules Constructor,2,,,,,,,
sec-intl.pluralrules.prototype,17.2.1,Intl.PluralRules.prototype,3,,,,,,,
sec-intl.pluralrules.supportedlocalesof,17.2.2,"Intl.PluralRules.supportedLocalesOf ( locales [ , options ] )",3,,,,,,,
sec-intl.pluralrules-internal-slots,17.2.3,Internal slots,3,,,,,,,
sec-properties-of-intl-pluralrules-prototype-object,17.3,Properties of the Intl.PluralRules Prototype Object,2,,,,,,,
sec-intl.pluralrules.prototype.constructor,17.3.1,Intl.PluralRules.prototype.constructor,3,,,,,,,
sec-intl.pluralrules.prototype.resolvedoptions,17.3.2,Intl.PluralRules.prototype.resolvedOptions ( ),3,,,,,,,
sec-intl.pluralrules.prototype.select,17.3.3,Intl.PluralRules.prototype.select ( value ),3,,,,,,,
sec-intl.pluralrules.prototype.selectrange,17.3.4,"Intl.PluralRules.prototype.selectRange ( start, end )",3,,,,,,,
sec-intl.pluralrules.prototype-%symbol.tostringtag%,17.3.5,Intl.PluralRules.prototype [ %Symbol.toStringTag% ],3,,,,,,,
sec-properties-of-intl-pluralrules-instances,17.4,Properties of Intl.PluralRules Instances,2,,,,,,,
sec-intl-pluralrules-abstracts,17.5,Abstract Operations for PluralRules Objects,2,,,,,,,
sec-pluralruleselect,17.5.1,"PluralRuleSelect ( locale, type, notation, compactDisplay, s )",3,implementation-defined abstract operation,,,,,,
sec-resolveplural,17.5.2,"ResolvePlural ( pluralRules, n )",3,abstract operation,,,,,,
sec-pluralruleselectrange,17.5.3,"PluralRuleSelectRange ( locale, type, notation, compactDisplay, xp, yp )",3,implementation-defined abstract operation,,,,,,
sec-resolvepluralrange,17.5.4,"ResolvePluralRange ( pluralRules, x, y )",3,abstract operation,,,,,,
relativetimeformat-objects,18,RelativeTimeFormat Objects,1,,,,,,,
sec-intl-relativetimeformat-constructor,18.1,The Intl.RelativeTimeFormat Constructor,2,,,,,,,
sec-Intl.RelativeTimeFormat,18.1.1,"Intl.RelativeTimeFormat ( [ locales [ , options ] ] )",3,,,,,,,
sec-properties-of-intl-relativetimeformat-constructor,18.2,Properties of the Intl.RelativeTimeFormat Constructor,2,,,,,,,
sec-Intl.RelativeTimeFormat.prototype,18.2.1,Intl.RelativeTimeFormat.prototype,3,,,,,,,
sec-Intl.RelativeTimeFormat.supportedLocalesOf,18.2.2,"Intl.RelativeTimeFormat.supportedLocalesOf ( locales [ , options ] )",3,,,,,,,
sec-Intl.RelativeTimeFormat-internal-slots,18.2.3,Internal slots,3,,,,,,,
sec-properties-of-intl-relativetimeformat-prototype-object,18.3,Properties of the Intl.RelativeTimeFormat Prototype Object,2,,,,,,,
sec-Intl.RelativeTimeFormat.prototype.constructor,18.3.1,Intl.RelativeTimeFormat.prototype.constructor,3,,,,,,,
sec-intl.relativetimeformat.prototype.resolvedoptions,18.3.2,Intl.RelativeTimeFormat.prototype.resolvedOptions ( ),3,,,,,,,
sec-Intl.RelativeTimeFormat.prototype.format,18.3.3,"Intl.RelativeTimeFormat.prototype.format ( value, unit )",3,,,,,,,
sec-Intl.RelativeTimeFormat.prototype.formatToParts,18.3.4,"Intl.RelativeTimeFormat.prototype.formatToParts ( value, unit )",3,,,,,,,
sec-Intl.RelativeTimeFormat.prototype-toStringTag,18.3.5,Intl.RelativeTimeFormat.prototype [ %Symbol.toStringTag% ],3,,,,,,,
sec-properties-of-intl-relativetimeformat-instances,18.4,Properties of Intl.RelativeTimeFormat Instances,2,,,,,,,
sec-intl-relativetimeformat--abstracts,18.5,Abstract Operations for RelativeTimeFormat Objects,2,,,,,,,
sec-singularrelativetimeunit,18.5.1,SingularRelativeTimeUnit ( unit ),3,abstract operation,,,,,,
sec-PartitionRelativeTimePattern,18.5.2,"PartitionRelativeTimePattern ( relativeTimeFormat, value, unit )",3,abstract operation,,,,,,
sec-makepartslist,18.5.3,"MakePartsList ( pattern, unit, parts )",3,abstract operation,,,,,,
sec-FormatRelativeTime,18.5.4,"FormatRelativeTime ( relativeTimeFormat, value, unit )",3,abstract operation,,,,,,
sec-FormatRelativeTimeToParts,18.5.5,"FormatRelativeTimeToParts ( relativeTimeFormat, value, unit )",3,abstract operation,,,,,,
segmenter-objects,19,Segmenter Objects,1,,,,,,,
sec-intl-segmenter-constructor,19.1,The Intl.Segmenter Constructor,2,,,,,,,
sec-intl.segmenter,19.1.1,"Intl.Segmenter ( [ locales [ , options ] ] )",3,,,,,,,
sec-properties-of-intl-segmenter-constructor,19.2,Properties of the Intl.Segmenter Constructor,2,,,,,,,
sec-intl.segmenter.prototype,19.2.1,Intl.Segmenter.prototype,3,,,,,,,
sec-intl.segmenter.supportedlocalesof,19.2.2,"Intl.Segmenter.supportedLocalesOf ( locales [ , options ] )",3,,,,,,,
sec-intl.segmenter-internal-slots,19.2.3,Internal slots,3,,,,,,,
sec-properties-of-intl-segmenter-prototype-object,19.3,Properties of the Intl.Segmenter Prototype Object,2,,,,,,,
sec-intl.segmenter.prototype.constructor,19.3.1,Intl.Segmenter.prototype.constructor,3,,,,,,,
sec-intl.segmenter.prototype.resolvedoptions,19.3.2,Intl.Segmenter.prototype.resolvedOptions ( ),3,,,,,,,
sec-intl.segmenter.prototype.segment,19.3.3,Intl.Segmenter.prototype.segment ( string ),3,,,,,,,
sec-intl.segmenter.prototype-%symbol.tostringtag%,19.3.4,Intl.Segmenter.prototype [ %Symbol.toStringTag% ],3,,,,,,,
sec-properties-of-intl-segmenter-instances,19.4,Properties of Intl.Segmenter Instances,2,,,,,,,
sec-segments-objects,19.5,Segments Objects,2,,,,,,,
sec-createsegmentsobject,19.5.1,"CreateSegmentsObject ( segmenter, string )",3,abstract operation,,,,,,
sec-%intlsegmentsprototype%-object,19.5.2,The %IntlSegmentsPrototype% Object,3,,,,,,,
sec-%intlsegmentsprototype%.containing,19.5.2.1,%IntlSegmentsPrototype%.containing ( index ),4,,,,,,,
sec-%intlsegmentsprototype%-%symbol.iterator%,19.5.2.2,%IntlSegmentsPrototype% [ %Symbol.iterator% ] ( ),4,,,,,,,
sec-properties-of-segments-instances,19.5.3,Properties of Segments Instances,3,,,,,,,
sec-segment-iterator-objects,19.6,Segment Iterator Objects,2,,,,,,,
sec-createsegmentiterator,19.6.1,"CreateSegmentIterator ( segmenter, string )",3,abstract operation,,,,,,
sec-%intlsegmentiteratorprototype%-object,19.6.2,The %IntlSegmentIteratorPrototype% Object,3,,,,,,,
sec-%intlsegmentiteratorprototype%.next,19.6.2.1,%IntlSegmentIteratorPrototype%.next ( ),4,,,,,,,
sec-%intlsegmentiteratorprototype%.%symbol.tostringtag%,19.6.2.2,%IntlSegmentIteratorPrototype% [ %Symbol.toStringTag% ],4,,,,,,,
sec-properties-of-segment-iterator-instances,19.6.3,Properties of Segment Iterator Instances,3,,,,,,,
sec-segment-data-objects,19.7,Segment Data Objects,2,,,,,,,
sec-createsegmentdataobject,19.7.1,"CreateSegmentDataObject ( segmenter, string, startIndex, endIndex )",3,abstract operation,,,,,,
sec-intl-segmenter-abstracts,19.8,Abstract Operations for Segmenter Objects,2,,,,,,,
sec-findboundary,19.8.1,"FindBoundary ( segmenter, string, startIndex, direction )",3,abstract operation,,,,,,
locale-sensitive-functions,20,Locale Sensitive Functions of the ECMAScript Language Specification,1,,,,,,,
sup-properties-of-the-string-prototype-object,20.1,Properties of the String Prototype Object,2,,,,,,,
sup-String.prototype.localeCompare,20.1.1,"String.prototype.localeCompare ( that [ , locales [ , options ] ] )",3,,,,,,,
sup-string.prototype.tolocalelowercase,20.1.2,String.prototype.toLocaleLowerCase ( [ locales ] ),3,,,,,,,
sec-transform-case,20.1.2.1,"TransformCase ( S, locales, targetCase )",4,abstract operation,,,,,,
sup-string.prototype.tolocaleuppercase,20.1.3,String.prototype.toLocaleUpperCase ( [ locales ] ),3,,,,,,,
sup-properties-of-the-number-prototype-object,20.2,Properties of the Number Prototype Object,2,,,,,,,
sup-number.prototype.tolocalestring,20.2.1,"Number.prototype.toLocaleString ( [ locales [ , options ] ] )",3,,,,,,,
sup-properties-of-the-bigint-prototype-object,20.3,Properties of the BigInt Prototype Object,2,,,,,,,
sup-bigint.prototype.tolocalestring,20.3.1,"BigInt.prototype.toLocaleString ( [ locales [ , options ] ] )",3,,,,,,,
sup-properties-of-the-date-prototype-object,20.4,Properties of the Date Prototype Object,2,,,,,,,
sup-date.prototype.tolocalestring,20.4.1,"Date.prototype.toLocaleString ( [ locales [ , options ] ] )",3,,,,,,,
sup-date.prototype.tolocaledatestring,20.4.2,"Date.prototype.toLocaleDateString ( [ locales [ , options ] ] )",3,,,,,,,
sup-date.prototype.tolocaletimestring,20.4.3,"Date.prototype.toLocaleTimeString ( [ locales [ , options ] ] )",3,,,,,,,
sup-properties-of-the-array-prototype-object,20.5,Properties of the Array Prototype Object,2,,,,,,,
sup-array.prototype.tolocalestring,20.5.1,"Array.prototype.toLocaleString ( [ locales [ , options ] ] )",3,,,,,,,
annex-implementation-dependent-behaviour,A,Implementation Dependent Behaviour,1,,informative,,,,,
annex-incompatibilities,B,Additions and Changes That Introduce Incompatibilities with Prior Editions,1,,informative,,,,,
sec-colophon,C,Colophon,1,,informative,,,,,
