ru,en,day,note
код,code,1,
инструкция,statement,1,the MDN term
синтаксис,syntax,1,
значение,value,1,
переменная,variable,1,
функция,function,1,
вызвать функцию,call a function,1,
аргумент,argument,1,
вернуть значение,return a value,1,
выражение,expression,1,
консоль,console,1,
движок,engine,1,
ошибка,error,1,
спецификация,specification,1,
ядро языка,language core,1,
окружение,environment,1,
поведение,behavior,1,American spelling across the course
Курс,Course,1,link to the home page
Лекция,Lecture,1,page name
Конспект,Notes,1,page name
Задания,Tasks,1,page name
Разминка,Warm-up,1,tasks section
Основные задания,Main tasks,1,tasks section
Со звёздочкой,Starred tasks,1,tasks section
Легко / Средне / Сложно,Easy / Medium / Hard,1,task badges
Справочник дня,Reference of the day,1,
подробно / кратко,in depth / briefly,1,depth marks in the reference of the day
Ответ,Answer,1,self-check
Мары,Mary,1,the city; the first use in a lecture says it is our city
манат,manat,1,
Аман / Мерет / Гүлнар / Мурад,Aman / Meret / Gülnar / Murad,1,names are transliterated
редактор кода,code editor,2,
расширение,extension,2,VS Code
папка проекта,project folder,2,
вкладка,tab,2,browser and DevTools
инструменты разработчика,developer tools (DevTools),2,
автосохранение,autosave,2,
комментарий / закомментировать,comment / comment out,2,
отладка,debugging,2,
точка останова,breakpoint,2,
условная точка останова / точка журнала,conditional breakpoint / logpoint,2,Chrome names
подстановка,substitution,2,%s %d %c in console.log
замер времени / метка,time measurement / label,2,console.time
счётчик,counter,2,console.count
Продолжить / Шаг через / Шаг внутрь / Шаг наружу,Resume / Step over / Step into / Step out,2,debugger buttons
примитив,primitive,3,
ложное / истинное значение,falsy / truthy value,3,
шаблонная строка,template literal,3,
короткое замыкание,short-circuit evaluation,3,
автоматическая вставка точки с запятой,automatic semicolon insertion,3,
управляющая конструкция,control structure,3,
выход за пределы / разреженный массив,out of bounds / sparse array,3,
передача по ссылке,passed by reference,3,
стрелочная функция,arrow function,3,
остаточные параметры,rest parameters,3,
деструктуризация,destructuring,3,
среда выполнения / хозяин,runtime / host,3,
Табель,Report card,3,the running program of the course
отлично / хорошо / надо подтянуть,excellent / good / needs work,3,Report card verdicts
объявление / инициализатор,declaration / initializer,4,
идентификатор,identifier,4,
зарезервированное слово,reserved word,4,
переприсваивание,reassignment,4,
блок,block,4,
область видимости,scope,4,
затенение,shadowing,4,
поднятие,hoisting,4,
мёртвая зона,temporal dead zone (dead zone),4,the MDN term
строгий режим,strict mode,4,
инструкция-выражение / пустая инструкция,expression statement / empty statement,4,
магическое число,magic number,4,
динамическая / слабая типизация,dynamic / weak typing,5,
изменяемый / неизменяемый,mutable / immutable,5,
приведение типов,type conversion (coercion),5,
пусто намеренно,empty on purpose,5,null
не число,not a number (NaN),5,
бесконечность / минус ноль,Infinity / negative zero,5,
шесть лжецов,six liars,5,the six falsy values
двойное отрицание,double negation,5,!!
объект-обёртка,wrapper object,5,
идти влево от точки,go left of the dot,5,reading a TypeError
оператор / операнд,operator / operand,6,
бинарный / унарный / тернарный,binary / unary / ternary,6,
склейка строк,joining strings (concatenation),6,
остаток от деления,remainder,6,% is not percent
делимое / делитель,dividend / divisor,6,
модуль (по модулю),modulo,6,
степень,exponentiation,6,**
правоассоциативный,right-associative,6,
составное присваивание,compound assignment,6,
инкремент / декремент,increment / decrement,6,
постфиксная / префиксная форма,postfix / prefix form,6,
круговой счётчик,circular counter,6,
порядок действий (приоритет),order of operations (precedence),6,
пн / вт / ср / чт / пт,Mon / Tue / Wed / Thu / Fri,6,
тенге,tenge,6,1 manat = 100 tenge
строгое / нестрогое сравнение,strict / loose comparison,7,=== and ==
строгое равенство / неравенство,strict equality / strict inequality,7,=== and !== (MDN titles)
нестрогое равенство / неравенство,equality / inequality,7,== and != (MDN titles)
отсутствие транзитивности,lack of transitivity,7,== is not transitive
операторы порядка,order operators,7,< > <= >=; MDN calls them relational operators
посимвольно,character by character,7,comparing strings
заглавная / строчная буква,capital / small letter,7,
И / ИЛИ / НЕ,AND / OR / NOT,7,logical operators
таблица истинности,truth table,7,
отрицание / союз,negation / conjunction,7,the conjunction flips under negation
составное условие,compound condition,7,
запасное значение,fallback value,7,|| and ??
нулевое слияние,nullish coalescing,7,??
тернарный оператор,ternary operator,7,MDN: conditional (ternary) operator
оператор запятая,comma operator,7,
побочное действие,side effect,7,
необязательная цепочка,optional chaining,7,?. on day 22
законные данные,legitimate data,7,zero and the empty string for ||
сравнение по ссылке / по содержимому,comparison by reference / by contents,7,
проверка диапазона,range check,7,
негодная оценка / мусор,invalid mark / garbage,7,
пятёрка,a five (the mark 5),7,the Report card counts fives
Гость / Без имени,Guest / No name,7,fallback names
засчитано / отброшено,counted / skipped,7,Report card output
сб / вс,Sat / Sun,7,
Трудно / Понятно,Hard / Clear,7,labels of a compare block
кириллица в порядке строк,letters with marks (Turkmen ä ş ý),7,adapted: they come after all plain Latin letters
«не 2 и не 1»,“not 2 or 1”,7,adapted: English says or where the code needs &&
приведение к строке / к числу / к логическому,conversion to a string / to a number / to a boolean,8,the three directions
молчаливое приведение / явное приведение,silent conversion / explicit conversion,8,
строковый контекст,string context,8,where an object becomes [object Object]
сравнение по порядку,order comparison,8,< > <= >=
научная / шестнадцатеричная запись,scientific notation / hexadecimal,8,1e3 and 0x1f
вытащить число из текста,pull a number out of text,8,parseInt for 16px
на границе программы / на входе,at the boundary of the program / at the entrance,8,convert and check once
маршрут сравнения,the route of a comparison,8,how == takes different paths
нетранзитивность,non-transitivity,8,
оценщик,appraiser,8,the analogy for turning an object into a primitive
таблица приоритетов,precedence table,8,18 levels on MDN
оператор группировки,grouping operator,8,( )
ассоциативность,associativity,8,
слева направо / справа налево,left to right / right to left,8,
синтаксическая ошибка,syntax error,8,
«умные» / прямые кавычки,“smart” / straight quotes,8,
незакрытая скобка / парность скобок,unclosed bracket / pairs of brackets,8,
фигурная скобка,curly brace,8,
споткнулся,stumbled,8,the place where the parser stopped
отступы / автоформатирование,indentation / auto-formatting,8,Shift + Alt + F in VS Code
приняты / отброшены,accepted / rejected,8,Report card output
пусто / не число / вне диапазона,empty / is not a number / is out of range,8,reasons in the Report card
шт.,pcs,8,
Студент,Student,8,
пять / первая / вторая,five / first / second,8,strings in examples
истина / ложь,truthy / falsy,8,strings in task 2
«18лет»,“18 years”,8,parseInt example in task 8
ветвление / развилка,branching / fork,9,
ветка,branch,9,
лестница else if,else if ladder,9,
ранний выход / ранний возврат,early exit / early return,9,
пирамида гибели,pyramid of doom,9,
провал,fall-through,9,switch without break
метка входа,entry label,9,what a case is
группировка case,case grouping,9,
проверка на границах,checking at the boundaries,9,the edges of ranges
дырка между ветками,hole between branches,9,
флаг,flag,9,a condition with a name
объект-справочник,lookup object,9,instead of a long switch; day 21
управление потоком / обработка ошибок,control flow / error handling,9,the MDN guide chapter
отлично / хорошо / удовлетворительно / неудовлетворительно / неизвестно,excellent / good / satisfactory / unsatisfactory / unknown,9,markToWord
отличник / хорошист / троечник,top student / good student / average student,9,Report card verdicts from day 9 on; with needs work
пятёрка / тройка / двойка,a five / a three / a two,9,marks; the Report card counts fives and twos
сдал / пересдача,passed / retake,9,
выходной / рабочий день,day off / working day,9,
проходите / отказ,come in / refused,9,
годится / негодная,valid / invalid,9,
молодец!,well done!,9,
добавить / очистить / сколько / помощь,add / clear / count / help,9,commands in runCommand
рисуем / едим / ничего,drawing / eating / nothing,9,
Привет,Hello,9,Салам stays Salam
А / Б / В,A / B / C,9,labels of fragments in tasks
Коротко / Точно,Short / Exact,9,labels of a compare block
Неверно / Верно,Wrong / Right,9,labels of a compare block
цикл / проход,loop / pass,10,MDN calls a pass an iteration
заголовок цикла,loop header,10,
начало / условие / шаг / тело,start / condition / step / body,10,the parts of a for loop
перебирать,iterate,10,
вечный цикл,infinite loop,10,
зависание,hang,10,the tab stops responding
страховка,safety net,10,a guard counter while debugging
накопитель / максимум / сборка строки,accumulator / maximum / building a string,10,loop techniques
ошибка «на единицу»,off-by-one mistake,10,
вложенные циклы,nested loops,10,
метка,label,10,break outer
часовая и минутная стрелки,hour and minute hands,10,the analogy for nested loops
идти / стоп,go / stop,10,commands in the switch example
пропущено,skipped,10,Report card output
двоек нет / первая двойка,no twos / the first two,10,Report card output
Хватит на N месяцев,Enough for N months,10,
Сапар,Sapar,10,a name
